Protocollo;Gruppo;DataOraIncidente;Localizzazione1;STRADA1;Localizzazione2;STRADA2;Strada02;Chilometrica;DaSpecificare;NaturaIncidente;particolaritastrade;TipoStrada;FondoStradale;Pavimentazione;Segnaletica;CondizioneAtmosferica;Traffico;Visibilita;Illuminazione;NUM_FERITI;NUM_RISERVATA;NUM_MORTI;NUM_ILLESI;Longitudine;Latitudine;Confermato;Progressivo;TipoVeicolo;StatoVeicolo;TipoPersona;Sesso;Tipolesione;Deceduto;DecedutoDopo;CinturaCascoUtilizzato;Airbag
1669454;20;12/05/2006 15:45;Strada Urbana;VIALE DI TOR DI QUINTO;all'intersezione con;VIA CIVITA CASTELLANA;VIA CIVITA CASTELLANA;;;Ribaltamento senza urto contro ostacolo fisso;Incrocio;Una carreggiata a doppio senso;Asciutto;Asfaltata;Orizzontale;Sereno;Intenso;Buona;Ore Diurne;1;0;0;0;;;-1;1;Motociclo a solo;In marcia / fermata / arresto;Conducente;F;Rimandato;0;NON DECEDUTO;Utilizzato;Inesistente
1679987;23;03/05/2006 12:00;Strada Urbana;PIAZZA VENEZIA;all'intersezione con;PIAZZA DI S. MARCO;PIAZZA DI S. MARCO;;;Scontro laterale fra veicoli in marcia;Incrocio;Una carreggiata a senso unico di marcia;Asciutto;Acciotolata;Verticale ed orizzontale;Sereno;Normale;Buona;Ore Diurne;0;0;0;3;;;-1;1;Autocarro inferiore 35 q.;In marcia / fermata / arresto;Conducente;F;Illeso;0;;Utilizzato;Inesistente
1679987;23;03/05/2006 12:00;Strada Urbana;PIAZZA VENEZIA;all'intersezione con;PIAZZA DI S. MARCO;PIAZZA DI S. MARCO;;;Scontro laterale fra veicoli in marcia;Incrocio;Una carreggiata a senso unico di marcia;Asciutto;Acciotolata;Verticale ed orizzontale;Sereno;Normale;Buona;Ore Diurne;0;0;0;3;;;-1;1;Autocarro inferiore 35 q.;In marcia / fermata / arresto;Passeggero;M;Illeso;0;;Utilizzato;Inesistente
1679987;23;03/05/2006 12:00;Strada Urbana;PIAZZA VENEZIA;all'intersezione con;PIAZZA DI S. MARCO;PIAZZA DI S. MARCO;;;Scontro laterale fra veicoli in marcia;Incrocio;Una carreggiata a senso unico di marcia;Asciutto;Acciotolata;Verticale ed orizzontale;Sereno;Normale;Buona;Ore Diurne;0;0;0;3;;;-1;2;Autobus urbano;In marcia / fermata / arresto;Conducente;M;Illeso;0;;Esente;Inesistente
1679988;23;03/05/2006 15:15;Comunale extraurbana;VIA CRISTOFORO COLOMBO;in prossimità;;della chilometrica ;26,4;;Veicolo in marcia contro ostacolo fisso;Rettilineo;Più di due carreggiate;Asciutto;Asfaltata;Verticale ed orizzontale;Sereno;Scarso;Buona;Ore Diurne;2;0;0;0;;;-1;1;Autovettura privata;In marcia / fermata / arresto;Conducente;F;Rimandato;0;NON DECEDUTO;Utilizzato;Inesistente
1679988;23;03/05/2006 15:15;Comunale extraurbana;VIA CRISTOFORO COLOMBO;in prossimità;;della chilometrica ;26,4;;Veicolo in marcia contro ostacolo fisso;Rettilineo;Più di due carreggiate;Asciutto;Asfaltata;Verticale ed orizzontale;Sereno;Scarso;Buona;Ore Diurne;2;0;0;0;;;-1;1;Autovettura privata;In marcia / fermata / arresto;Passeggero;M;Rimandato;0;NON DECEDUTO;Utilizzato;Inesistente
1680019;1;01/05/2006 05:00;Strada Urbana;VIA DELL'AMBA ARADAM;all'intersezione semaforizzata con;VIA DI VILLA FONSECA;VIA DI VILLA FONSECA;;;Veicolo in marcia contro ostacolo fisso;Incrocio;Due carreggiate;Asciutto;Asfaltata;Verticale ed orizzontale;Nuvoloso;Scarso;Buona;Sufficiente;3;0;0;0;;;-1;1;Autovettura privata;In marcia / fermata / arresto;Conducente;M;Rimandato;0;NON DECEDUTO;Non accertato;Inesistente
1680019;1;01/05/2006 05:00;Strada Urbana;VIA DELL'AMBA ARADAM;all'intersezione semaforizzata con;VIA DI VILLA FONSECA;VIA DI VILLA FONSECA;;;Veicolo in marcia contro ostacolo fisso;Incrocio;Due carreggiate;Asciutto;Asfaltata;Verticale ed orizzontale;Nuvoloso;Scarso;Buona;Sufficiente;3;0;0;0;;;-1;1;Autovettura privata;In marcia / fermata / arresto;Passeggero;M;Ricoverato;0;NON DECEDUTO;Non accertato;Inesistente
1680019;1;01/05/2006 05:00;Strada Urbana;VIA DELL'AMBA ARADAM;all'intersezione semaforizzata con;VIA DI VILLA FONSECA;VIA DI VILLA FONSECA;;;Veicolo in marcia contro ostacolo fisso;Incrocio;Due carreggiate;Asciutto;Asfaltata;Verticale ed orizzontale;Nuvoloso;Scarso;Buona;Sufficiente;3;0;0;0;;;-1;1;Autovettura privata;In marcia / fermata / arresto;Passeggero;M;Rimandato;0;NON DECEDUTO;Non accertato;Inesistente
1680020;1;01/05/2006 05:30;Strada Urbana;VIA DI S. CROCE IN GERUSALEMME;all'intersezione semaforizzata con;VIALE MANZONI;VIALE MANZONI;;;Tamponamento;Intersezione semaforizzata;Una carreggiata a doppio senso;Asciutto;Asfaltata;Verticale ed orizzontale;Sereno;Scarso;Sufficiente;Sufficiente;2;0;0;3;;;-1;1;Autovettura privata;In marcia / fermata / arresto;Conducente;M;Illeso;0;;Utilizzato;Inesploso
1680020;1;01/05/2006 05:30;Strada Urbana;VIA DI S. CROCE IN GERUSALEMME;all'intersezione semaforizzata con;VIALE MANZONI;VIALE MANZONI;;;Tamponamento;Intersezione semaforizzata;Una carreggiata a doppio senso;Asciutto;Asfaltata;Verticale ed orizzontale;Sereno;Scarso;Sufficiente;Sufficiente;2;0;0;3;;;-1;1;Autovettura privata;In marcia / fermata / arresto;Passeggero;M;Illeso;0;;Utilizzato;Inesistente
1680020;1;01/05/2006 05:30;Strada Urbana;VIA DI S. CROCE IN GERUSALEMME;all'intersezione semaforizzata con;VIALE MANZONI;VIALE MANZONI;;;Tamponamento;Intersezione semaforizzata;Una carreggiata a doppio senso;Asciutto;Asfaltata;Verticale ed orizzontale;Sereno;Scarso;Sufficiente;Sufficiente;2;0;0;3;;;-1;1;Autovettura privata;In marcia / fermata / arresto;Passeggero;M;Rifiuta cure immediate;0;NON DECEDUTO;Utilizzato;Inesistente
1680020;1;01/05/2006 05:30;Strada Urbana;VIA DI S. CROCE IN GERUSALEMME;all'intersezione semaforizzata con;VIALE MANZONI;VIALE MANZONI;;;Tamponamento;Intersezione semaforizzata;Una carreggiata a doppio senso;Asciutto;Asfaltata;Verticale ed orizzontale;Sereno;Scarso;Sufficiente;Sufficiente;2;0;0;3;;;-1;2;Autovettura privata;In marcia / fermata / arresto;Conducente;M;Illeso;0;;Utilizzato;Inesistente
1680020;1;01/05/2006 05:30;Strada Urbana;VIA DI S. CROCE IN GERUSALEMME;all'intersezione semaforizzata con;VIALE MANZONI;VIALE MANZONI;;;Tamponamento;Intersezione semaforizzata;Una carreggiata a doppio senso;Asciutto;Asfaltata;Verticale ed orizzontale;Sereno;Scarso;Sufficiente;Sufficiente;2;0;0;3;;;-1;2;Autovettura privata;In marcia / fermata / arresto;Passeggero;M;Rimandato;0;NON DECEDUTO;Utilizzato;Inesistente
1680021;1;01/05/2006 19:20;Strada Urbana;VIA STATILIA;all'intersezione con;VIA SAN QUINTINO;VIA SAN QUINTINO;;;Investimento di pedone;Incrocio;Una carreggiata a doppio senso;Asciutto;Acciotolata;Verticale ed orizzontale;Sereno;Normale;Buona;Ore Diurne;1;0;0;2;;;-1;;;;Pedone;M;Ricoverato;0;NON DECEDUTO;;
1680021;1;01/05/2006 19:20;Strada Urbana;VIA STATILIA;all'intersezione con;VIA SAN QUINTINO;VIA SAN QUINTINO;;;Investimento di pedone;Incrocio;Una carreggiata a doppio senso;Asciutto;Acciotolata;Verticale ed orizzontale;Sereno;Normale;Buona;Ore Diurne;1;0;0;2;;;-1;1;Motociclo con passeggero;In marcia / fermata / arresto;Conducente;M;Illeso;0;;Non accertato;Inesistente
1680021;1;01/05/2006 19:20;Strada Urbana;VIA STATILIA;all'intersezione con;VIA SAN QUINTINO;VIA SAN QUINTINO;;;Investimento di pedone;Incrocio;Una carreggiata a doppio senso;Asciutto;Acciotolata;Verticale ed orizzontale;Sereno;Normale;Buona;Ore Diurne;1;0;0;2;;;-1;1;Motociclo con passeggero;In marcia / fermata / arresto;Passeggero;M;Illeso;0;;Non accertato;Inesistente
1680022;1;02/05/2006 00:40;Strada Urbana;VIALE AVENTINO;all'intersezione semaforizzata con;VIA DEL CIRCO MASSIMO;VIA DEL CIRCO MASSIMO;;;Scontro frontale/laterale SX fra veicoli in marcia;Intersezione semaforizzata;Una carreggiata a doppio senso;Asciutto;In cubetti di porfido;Verticale ed orizzontale;Nuvoloso;Scarso;Sufficiente;Sufficiente;1;0;0;2;;;-1;1;Autovettura privata;In marcia / fermata / arresto;Conducente;F;Illeso;0;;Non accertato;Inesistente
1680022;1;02/05/2006 00:40;Strada Urbana;VIALE AVENTINO;all'intersezione semaforizzata con;VIA DEL CIRCO MASSIMO;VIA DEL CIRCO MASSIMO;;;Scontro frontale/laterale SX fra veicoli in marcia;Intersezione semaforizzata;Una carreggiata a doppio senso;Asciutto;In cubetti di porfido;Verticale ed orizzontale;Nuvoloso;Scarso;Sufficiente;Sufficiente;1;0;0;2;;;-1;1;Autovettura privata;In marcia / fermata / arresto;Passeggero;F;Illeso;0;;Non accertato;Inesistente
1680022;1;02/05/2006 00:40;Strada Urbana;VIALE AVENTINO;all'intersezione semaforizzata con;VIA DEL CIRCO MASSIMO;VIA DEL CIRCO MASSIMO;;;Scontro frontale/laterale SX fra veicoli in marcia;Intersezione semaforizzata;Una carreggiata a doppio senso;Asciutto;In cubetti di porfido;Verticale ed orizzontale;Nuvoloso;Scarso;Sufficiente;Sufficiente;1;0;0;2;;;-1;2;Ciclomotore;In marcia / fermata / arresto;Conducente;F;Rimandato;0;NON DECEDUTO;Utilizzato;Inesistente
1680036;1;01/05/2006 13:40;Strada Urbana;PIAZZA VITTORIO EMANUELE II;in prossimità;;del civico n. ;92;;Scontro laterale fra veicoli in marcia;Rettilineo;Una carreggiata a doppio senso;Asciutto;Asfaltata;Verticale ed orizzontale;Sereno;Scarso;Buona;Ore Diurne;2;0;0;3;;;-1;1;Autovettura privata;In marcia / fermata / arresto;Conducente;M;Illeso;0;;Non accertato;Inesistente
1680036;1;01/05/2006 13:40;Strada Urbana;PIAZZA VITTORIO EMANUELE II;in prossimità;;del civico n. ;92;;Scontro laterale fra veicoli in marcia;Rettilineo;Una carreggiata a doppio senso;Asciutto;Asfaltata;Verticale ed orizzontale;Sereno;Scarso;Buona;Ore Diurne;2;0;0;3;;;-1;1;Autovettura privata;In marcia / fermata / arresto;Passeggero;M;Illeso;0;;Non accertato;Inesistente
1680036;1;01/05/2006 13:40;Strada Urbana;PIAZZA VITTORIO EMANUELE II;in prossimità;;del civico n. ;92;;Scontro laterale fra veicoli in marcia;Rettilineo;Una carreggiata a doppio senso;Asciutto;Asfaltata;Verticale ed orizzontale;Sereno;Scarso;Buona;Ore Diurne;2;0;0;3;;;-1;1;Autovettura privata;In marcia / fermata / arresto;Passeggero;M;Illeso;0;;Non accertato;Inesistente
1680036;1;01/05/2006 13:40;Strada Urbana;PIAZZA VITTORIO EMANUELE II;in prossimità;;del civico n. ;92;;Scontro laterale fra veicoli in marcia;Rettilineo;Una carreggiata a doppio senso;Asciutto;Asfaltata;Verticale ed orizzontale;Sereno;Scarso;Buona;Ore Diurne;2;0;0;3;;;-1;2;Autovettura di polizia;In marcia / fermata / arresto;Conducente;M;Rifiuta cure immediate;0;NON DECEDUTO;Non accertato;Inesistente
1680036;1;01/05/2006 13:40;Strada Urbana;PIAZZA VITTORIO EMANUELE II;in prossimità;;del civico n. ;92;;Scontro laterale fra veicoli in marcia;Rettilineo;Una carreggiata a doppio senso;Asciutto;Asfaltata;Verticale ed orizzontale;Sereno;Scarso;Buona;Ore Diurne;2;0;0;3;;;-1;2;Autovettura di polizia;In marcia / fermata / arresto;Passeggero;M;Rifiuta cure immediate;0;NON DECEDUTO;Non accertato;Inesistente
1680037;1;02/05/2006 14:15;Strada Urbana;VIA CLAUDIA;in corrispondenza;;del palo luce n. ;8;;Scontro frontale/laterale DX fra veicoli in marcia;Rettilineo;Una carreggiata a doppio senso;Asciutto;Asfaltata;Verticale ed orizzontale;Sereno;Normale;Buona;Ore Diurne;1;0;0;1;;;-1;1;Autovettura privata;In marcia / fermata / arresto;Conducente;M;Illeso;0;;Utilizzato;Inesploso
1680037;1;02/05/2006 14:15;Strada Urbana;VIA CLAUDIA;in corrispondenza;;del palo luce n. ;8;;Scontro frontale/laterale DX fra veicoli in marcia;Rettilineo;Una carreggiata a doppio senso;Asciutto;Asfaltata;Verticale ed orizzontale;Sereno;Normale;Buona;Ore Diurne;1;0;0;1;;;-1;2;Motociclo a solo;In marcia / fermata / arresto;Conducente;M;Rimandato;0;NON DECEDUTO;Utilizzato;Inesistente
1680038;1;03/05/2006 01:30;Strada Urbana;VIA DELLA GATTA;in prossimità;;del civico n. ;1A;;Scontro laterale fra veicoli in marcia;Rettilineo;Una carreggiata a doppio senso;Asciutto;In cubetti di porfido;Assente;Sereno;Scarso;Buona;Sufficiente;0;0;0;3;;;-1;1;Autovettura privata;In marcia / fermata / arresto;Conducente;M;Illeso;0;;Non accertato;Inesistente
1680038;1;03/05/2006 01:30;Strada Urbana;VIA DELLA GATTA;in prossimità;;del civico n. ;1A;;Scontro laterale fra veicoli in marcia;Rettilineo;Una carreggiata a doppio senso;Asciutto;In cubetti di porfido;Assente;Sereno;Scarso;Buona;Sufficiente;0;0;0;3;;;-1;1;Autovettura privata;In marcia / fermata / arresto;Passeggero;M;Illeso;0;;Non accertato;Inesistente
1680038;1;03/05/2006 01:30;Strada Urbana;VIA DELLA GATTA;in prossimità;;del civico n. ;1A;;Scontro laterale fra veicoli in marcia;Rettilineo;Una carreggiata a doppio senso;Asciutto;In cubetti di porfido;Assente;Sereno;Scarso;Buona;Sufficiente;0;0;0;3;;;-1;2;Autovettura privata;In marcia / fermata / arresto;Conducente;M;Illeso;0;;Non accertato;Inesistente
1680056;1;03/05/2006 15:00;Strada Urbana;LUNGOTEVERE RIPA;in prossimità;;del palo luce n. ;7;;Veicoli in marcia contro veicoli fermi;Curva senza visuale libera;Una carreggiata a senso unico di marcia;Asciutto;Asfaltata;Verticale ed orizzontale;Sereno;Normale;Buona;Ore Diurne;2;0;0;0;;;-1;1;Motociclo con passeggero;In marcia / fermata / arresto;Conducente;M;Rimandato;0;NON DECEDUTO;Non accertato;Inesistente
1680056;1;03/05/2006 15:00;Strada Urbana;LUNGOTEVERE RIPA;in prossimità;;del palo luce n. ;7;;Veicoli in marcia contro veicoli fermi;Curva senza visuale libera;Una carreggiata a senso unico di marcia;Asciutto;Asfaltata;Verticale ed orizzontale;Sereno;Normale;Buona;Ore Diurne;2;0;0;0;;;-1;1;Motociclo con passeggero;In marcia / fermata / arresto;Passeggero;M;Rimandato;0;NON DECEDUTO;Non accertato;Inesistente
1680091;10;02/05/2006 00:40;Statale entro l'abitato;VIA PRENESTINA;all'intersezione semaforizzata con;VIA GUGLIELMO ALBIMONTE;VIA GUGLIELMO ALBIMONTE;;;Scontro frontale/laterale SX fra veicoli in marcia;Incrocio;Più di due carreggiate;Asciutto;Asfaltata;Verticale ed orizzontale;Sereno;Scarso;Buona;Sufficiente;1;0;0;3;;;-1;1;Autovettura privata;In marcia / fermata / arresto;Conducente;M;Illeso;0;;Non accertato;Inesistente
1680091;10;02/05/2006 00:40;Statale entro l'abitato;VIA PRENESTINA;all'intersezione semaforizzata con;VIA GUGLIELMO ALBIMONTE;VIA GUGLIELMO ALBIMONTE;;;Scontro frontale/laterale SX fra veicoli in marcia;Incrocio;Più di due carreggiate;Asciutto;Asfaltata;Verticale ed orizzontale;Sereno;Scarso;Buona;Sufficiente;1;0;0;3;;;-1;1;Autovettura privata;In marcia / fermata / arresto;Passeggero;M;Illeso;0;;Non accertato;Inesistente
1680091;10;02/05/2006 00:40;Statale entro l'abitato;VIA PRENESTINA;all'intersezione semaforizzata con;VIA GUGLIELMO ALBIMONTE;VIA GUGLIELMO ALBIMONTE;;;Scontro frontale/laterale SX fra veicoli in marcia;Incrocio;Più di due carreggiate;Asciutto;Asfaltata;Verticale ed orizzontale;Sereno;Scarso;Buona;Sufficiente;1;0;0;3;;;-1;1;Autovettura privata;In marcia / fermata / arresto;Passeggero;F;Rifiuta cure immediate;0;NON DECEDUTO;Non accertato;Inesistente
1680091;10;02/05/2006 00:40;Statale entro l'abitato;VIA PRENESTINA;all'intersezione semaforizzata con;VIA GUGLIELMO ALBIMONTE;VIA GUGLIELMO ALBIMONTE;;;Scontro frontale/laterale SX fra veicoli in marcia;Incrocio;Più di due carreggiate;Asciutto;Asfaltata;Verticale ed orizzontale;Sereno;Scarso;Buona;Sufficiente;1;0;0;3;;;-1;2;Autovettura privata;In marcia / fermata / arresto;Conducente;M;Illeso;0;;Non accertato;Esploso
1680092;10;01/05/2006 02:35;Provinciale entro l'abitato;VIA TUSCOLANA;all'intersezione semaforizzata con;VIA PONZIO COMINIO;VIA PONZIO COMINIO;;;Tamponamento;Intersezione semaforizzata;Due carreggiate;Asciutto;Asfaltata;Verticale ed orizzontale;Sereno;Scarso;Sufficiente;Sufficiente;0;0;0;3;;;-1;1;Autovettura privata;In marcia / fermata / arresto;Conducente;M;Illeso;0;;Non accertato;Inesploso
1680092;10;01/05/2006 02:35;Provinciale entro l'abitato;VIA TUSCOLANA;all'intersezione semaforizzata con;VIA PONZIO COMINIO;VIA PONZIO COMINIO;;;Tamponamento;Intersezione semaforizzata;Due carreggiate;Asciutto;Asfaltata;Verticale ed orizzontale;Sereno;Scarso;Sufficiente;Sufficiente;0;0;0;3;;;-1;1;Autovettura privata;In marcia / fermata / arresto;Passeggero;M;Illeso;0;;Non accertato;Inesploso
1680092;10;01/05/2006 02:35;Provinciale entro l'abitato;VIA TUSCOLANA;all'intersezione semaforizzata con;VIA PONZIO COMINIO;VIA PONZIO COMINIO;;;Tamponamento;Intersezione semaforizzata;Due carreggiate;Asciutto;Asfaltata;Verticale ed orizzontale;Sereno;Scarso;Sufficiente;Sufficiente;0;0;0;3;;;-1;2;Autovettura privata;In marcia / fermata / arresto;Conducente;M;Illeso;0;;Non accertato;Inesploso
1680093;10;02/05/2006 08:00;Statale entro l'abitato;VIA TUSCOLANA;in corrispondenza;;del civico n. ;597;;Veicolo in marcia contro veicolo fermo;Rettilineo;Due carreggiate;Asciutto;Asfaltata;Verticale ed orizzontale;Sereno;Intenso;Buona;Ore Diurne;1;0;0;2;;;-1;1;Motociclo con passeggero;In marcia / fermata / arresto;Passeggero;F;Rimandato;0;NON DECEDUTO;Non accertato;Inesistente
1680093;10;02/05/2006 08:00;Statale entro l'abitato;VIA TUSCOLANA;in corrispondenza;;del civico n. ;597;;Veicolo in marcia contro veicolo fermo;Rettilineo;Due carreggiate;Asciutto;Asfaltata;Verticale ed orizzontale;Sereno;Intenso;Buona;Ore Diurne;1;0;0;2;;;-1;1;Motociclo con passeggero;In marcia / fermata / arresto;Conducente;M;Illeso;0;;Non accertato;Inesistente
1680093;10;02/05/2006 08:00;Statale entro l'abitato;VIA TUSCOLANA;in corrispondenza;;del civico n. ;597;;Veicolo in marcia contro veicolo fermo;Rettilineo;Due carreggiate;Asciutto;Asfaltata;Verticale ed orizzontale;Sereno;Intenso;Buona;Ore Diurne;1;0;0;2;;;-1;2;Autovettura privata;Sosta;Conducente;M;Illeso;0;;Non accertato;Inesistente
1680094;10;02/05/2006 09:10;Strada Urbana;VIA TUSCOLANA;in corrispondenza;;del civico n. ;1114;;Scontro frontale/laterale SX fra veicoli in marcia;Rettilineo;Due carreggiate;Asciutto;Asfaltata;Assente;Sereno;Normale;Sufficiente;Ore Diurne;1;0;0;1;;;-1;1;Autovettura privata;In marcia / fermata / arresto;Conducente;M;Illeso;0;;Non accertato;Inesistente
1680094;10;02/05/2006 09:10;Strada Urbana;VIA TUSCOLANA;in corrispondenza;;del civico n. ;1114;;Scontro frontale/laterale SX fra veicoli in marcia;Rettilineo;Due carreggiate;Asciutto;Asfaltata;Assente;Sereno;Normale;Sufficiente;Ore Diurne;1;0;0;1;;;-1;2;Motociclo a solo;In marcia / fermata / arresto;Conducente;M;Rimandato;0;NON DECEDUTO;Non accertato;Inesistente
1680095;10;02/05/2006 09:40;Strada Urbana;VIA QUINTILIO VARO;all'intersezione con;LARGO APPIO CLAUDIO;LARGO APPIO CLAUDIO;;;Investimento di pedone;Intersezione stradale segnalata;Una carreggiata a senso unico di marcia;Asciutto;Asfaltata;Verticale ed orizzontale;Sereno;Normale;Buona;Ore Diurne;1;0;0;0;;;-1;;;;Pedone;F;Rimandato;0;NON DECEDUTO;;
1680096;10;02/05/2006 13:00;Strada Urbana;VIA DI S. MATTEO;in corrispondenza;;del civico n. ;21;;Scontro frontale/laterale SX fra veicoli in marcia;Rettilineo;Una carreggiata a doppio senso;Asciutto;Asfaltata;Assente;Sereno;Scarso;Buona;Ore Diurne;0;0;0;2;;;-1;1;Autovettura privata;In marcia / fermata / arresto;Conducente;F;Illeso;0;;Non accertato;Inesistente
1680096;10;02/05/2006 13:00;Strada Urbana;VIA DI S. MATTEO;in corrispondenza;;del civico n. ;21;;Scontro frontale/laterale SX fra veicoli in marcia;Rettilineo;Una carreggiata a doppio senso;Asciutto;Asfaltata;Assente;Sereno;Scarso;Buona;Ore Diurne;0;0;0;2;;;-1;2;Autovettura privata;In marcia / fermata / arresto;Conducente;M;Illeso;0;;Non accertato;Inesistente
1680097;10;02/05/2006 14:20;Strada Urbana;VIA SANDRO PENNA;in corrispondenza;;del civico n. ;216;;Scontro frontale/laterale DX fra veicoli in marcia;Curva a visuale libera;Una carreggiata a doppio senso;Asciutto;Asfaltata;Verticale ed orizzontale;Sereno;Scarso;Buona;Ore Diurne;0;0;0;4;;;-1;1;Autovettura privata;In marcia / fermata / arresto;Conducente;F;Illeso;0;;Non accertato;Inesistente
1680097;10;02/05/2006 14:20;Strada Urbana;VIA SANDRO PENNA;in corrispondenza;;del civico n. ;216;;Scontro frontale/laterale DX fra veicoli in marcia;Curva a visuale libera;Una carreggiata a doppio senso;Asciutto;Asfaltata;Verticale ed orizzontale;Sereno;Scarso;Buona;Ore Diurne;0;0;0;4;;;-1;1;Autovettura privata;In marcia / fermata / arresto;Passeggero;F;Illeso;0;;Non accertato;Inesistente
1680097;10;02/05/2006 14:20;Strada Urbana;VIA SANDRO PENNA;in corrispondenza;;del civico n. ;216;;Scontro frontale/laterale DX fra veicoli in marcia;Curva a visuale libera;Una carreggiata a doppio senso;Asciutto;Asfaltata;Verticale ed orizzontale;Sereno;Scarso;Buona;Ore Diurne;0;0;0;4;;;-1;1;Autovettura privata;In marcia / fermata / arresto;Passeggero;F;Illeso;0;;Non accertato;Inesistente
1680097;10;02/05/2006 14:20;Strada Urbana;VIA SANDRO PENNA;in corrispondenza;;del civico n. ;216;;Scontro frontale/laterale DX fra veicoli in marcia;Curva a visuale libera;Una carreggiata a doppio senso;Asciutto;Asfaltata;Verticale ed orizzontale;Sereno;Scarso;Buona;Ore Diurne;0;0;0;4;;;-1;2;Autovettura privata;In marcia / fermata / arresto;Conducente;M;Illeso;0;;Non accertato;Inesistente
1680098;10;02/05/2006 17:00;Provinciale entro l'abitato;VIA PIER VITTORIO ALDINI;da specificare;;;;incrocio con Via Frat.  Marchetti Longhi;Tamponamento;Rettilineo;Una carreggiata a doppio senso;Asciutto;Asfaltata;Verticale ed orizzontale;Sereno;Normale;Buona;Ore Diurne;5;0;0;0;;;-1;1;Autovettura privata;In marcia / fermata / arresto;Conducente;F;Rimandato;0;NON DECEDUTO;Non accertato;Esploso
1680098;10;02/05/2006 17:00;Provinciale entro l'abitato;VIA PIER VITTORIO ALDINI;da specificare;;;;incrocio con Via Frat.  Marchetti Longhi;Tamponamento;Rettilineo;Una carreggiata a doppio senso;Asciutto;Asfaltata;Verticale ed orizzontale;Sereno;Normale;Buona;Ore Diurne;5;0;0;0;;;-1;1;Autovettura privata;In marcia / fermata / arresto;Passeggero;F;Ricoverato;0;NON DECEDUTO;Non accertato;Esploso
1680098;10;02/05/2006 17:00;Provinciale entro l'abitato;VIA PIER VITTORIO ALDINI;da specificare;;;;incrocio con Via Frat.  Marchetti Longhi;Tamponamento;Rettilineo;Una carreggiata a doppio senso;Asciutto;Asfaltata;Verticale ed orizzontale;Sereno;Normale;Buona;Ore Diurne;5;0;0;0;;;-1;1;Autovettura privata;In marcia / fermata / arresto;Passeggero;F;Rimandato;0;NON DECEDUTO;Non accertato;Inesistente
1680098;10;02/05/2006 17:00;Provinciale entro l'abitato;VIA PIER VITTORIO ALDINI;da specificare;;;;incrocio con Via Frat.  Marchetti Longhi;Tamponamento;Rettilineo;Una carreggiata a doppio senso;Asciutto;Asfaltata;Verticale ed orizzontale;Sereno;Normale;Buona;Ore Diurne;5;0;0;0;;;-1;2;Autovettura privata;In marcia / fermata / arresto;Conducente;M;Rifiuta cure immediate;0;NON DECEDUTO;Non accertato;Inesistente
1680098;10;02/05/2006 17:00;Provinciale entro l'abitato;VIA PIER VITTORIO ALDINI;da specificare;;;;incrocio con Via Frat.  Marchetti Longhi;Tamponamento;Rettilineo;Una carreggiata a doppio senso;Asciutto;Asfaltata;Verticale ed orizzontale;Sereno;Normale;Buona;Ore Diurne;5;0;0;0;;;-1;3;Autovettura privata;In marcia / fermata / arresto;Conducente;M;Rimandato;0;NON DECEDUTO;Non accertato;Inesistente
1680099;10;03/05/2006 05:40;Statale entro l'abitato;VIA TUSCOLANA;all'intersezione semaforizzata con;VIA DI TORRE SPACCATA;VIA DI TORRE SPACCATA;;;Scontro frontale/laterale DX fra veicoli in marcia;Incrocio;Due carreggiate;Asciutto;Asfaltata;Verticale ed orizzontale;Sereno;Intenso;Buona;Sufficiente;0;0;0;2;;;-1;1;Autovettura privata;In marcia / fermata / arresto;Conducente;M;Illeso;0;;Non accertato;Inesistente
1680099;10;03/05/2006 05:40;Statale entro l'abitato;VIA TUSCOLANA;all'intersezione semaforizzata con;VIA DI TORRE SPACCATA;VIA DI TORRE SPACCATA;;;Scontro frontale/laterale DX fra veicoli in marcia;Incrocio;Due carreggiate;Asciutto;Asfaltata;Verticale ed orizzontale;Sereno;Intenso;Buona;Sufficiente;0;0;0;2;;;-1;2;Autocarro inferiore 35 q.;In marcia / fermata / arresto;Conducente;M;Illeso;0;;Non accertato;Inesistente
1680100;10;03/05/2006 10:20;Strada Urbana;VIALE ANTONIO CIAMARRA;in prossimità;;del civico n. ;353;;Infortunio per caduta del veicolo;Rettilineo;Due carreggiate;Asciutto;Asfaltata;Verticale ed orizzontale;Sereno;Scarso;Buona;Ore Diurne;1;0;0;0;;;-1;1;Motociclo a solo;In marcia / fermata / arresto;Conducente;M;Rimandato;0;NON DECEDUTO;Non accertato;Inesistente
1680101;10;03/05/2006 17:40;Strada Urbana;VIA TUSCOLANA;in prossimità;;del civico n. ;1;;Tamponamento Multiplo;Rettilineo;Una carreggiata a senso unico di marcia;Asciutto;Asfaltata;Assente;Sereno;Intenso;Buona;Ore Diurne;1;0;0;4;;;-1;1;Autovettura privata;In marcia / fermata / arresto;Conducente;M;Illeso;0;;Non accertato;Inesistente