Protocollo;Gruppo;DataOraIncidente;Localizzazione1;STRADA1;Localizzazione2;STRADA2;Strada02;Chilometrica;DaSpecificare;NaturaIncidente;particolaritastrade;TipoStrada;FondoStradale;Pavimentazione;Segnaletica;CondizioneAtmosferica;Traffico;Visibilita;Illuminazione;NUM_FERITI;NUM_RISERVATA;NUM_MORTI;NUM_ILLESI;Longitudine;Latitudine;Confermato;Progressivo;TipoVeicolo;StatoVeicolo;TipoPersona;Sesso;Tipolesione;Deceduto;DecedutoDopo;CinturaCascoUtilizzato;Airbag
1684159;12;20/05/2006 11:50;Strada Urbana;VIA LAURENTINA;all'intersezione semaforizzata con;VIA DI ACQUA ACETOSA OSTIENSE;VIA DI ACQUA ACETOSA OSTIENSE;;;Scontro laterale fra veicoli in marcia;Intersezione semaforizzata;Una carreggiata a doppio senso;Asciutto;Asfaltata;Verticale ed orizzontale;Sereno;Normale;Buona;Ore Diurne;0;0;0;3;;;-1;1;Autovettura privata;In marcia / fermata / arresto;Passeggero;M;Illeso;0;;Utilizzato;Inesistente
1684159;12;20/05/2006 11:50;Strada Urbana;VIA LAURENTINA;all'intersezione semaforizzata con;VIA DI ACQUA ACETOSA OSTIENSE;VIA DI ACQUA ACETOSA OSTIENSE;;;Scontro laterale fra veicoli in marcia;Intersezione semaforizzata;Una carreggiata a doppio senso;Asciutto;Asfaltata;Verticale ed orizzontale;Sereno;Normale;Buona;Ore Diurne;0;0;0;3;;;-1;2;Autovettura privata;In marcia / fermata / arresto;Conducente;F;Illeso;0;;Utilizzato;Inesploso
1684160;12;21/05/2006 23:00;Strada Urbana;VIALE DELL'OCEANO ATLANTICO;da specificare;;;;prox. parcheggio Oviesse;Scontro frontale/laterale DX fra veicoli in marcia;Rettilineo;Una carreggiata a senso unico di marcia;Asciutto;Asfaltata;Verticale ed orizzontale;Sereno;Scarso;Sufficiente;Sufficiente;0;0;0;1;;;-1;1;Autovettura privata;In marcia / fermata / arresto;Conducente;M;Illeso;0;;Utilizzato;Inesistente
1684171;16;26/05/2006 13:00;Strada Urbana;VIA AURELIA;da specificare;;;;Complanare Aurelia svincolo per V.Stazione Aurelia;Veicolo in marcia contro ostacolo fisso;Rettilineo;Una carreggiata a senso unico di marcia;Asciutto;Asfaltata;Verticale ed orizzontale;Sereno;Scarso;Buona;Ore Diurne;1;0;0;0;;;-1;1;Autovettura privata;In marcia / fermata / arresto;Conducente;F;Rimandato;0;NON DECEDUTO;Non accertato;Inesistente
1684172;16;26/05/2006 17:20;Strada Urbana;VIALE DI TRASTEVERE;da specificare;;;;F.C.267;Infortunio per caduta del veicolo;Rettilineo;Due carreggiate;Asciutto;Asfaltata;Assente;Sereno;Normale;Buona;Ore Diurne;1;0;0;1;;;-1;1;Ciclomotore;In marcia / fermata / arresto;Conducente;M;Rimandato;0;NON DECEDUTO;Non accertato;Inesistente
1684172;16;26/05/2006 17:20;Strada Urbana;VIALE DI TRASTEVERE;da specificare;;;;F.C.267;Infortunio per caduta del veicolo;Rettilineo;Due carreggiate;Asciutto;Asfaltata;Assente;Sereno;Normale;Buona;Ore Diurne;1;0;0;1;;;-1;2;Motociclo con passeggero;In marcia / fermata / arresto;Conducente;M;Illeso;0;;Non accertato;Inesistente
1684205;1;20/05/2006 21:20;Strada Urbana;VIA AURELIA;in prossimità;;del civico n. ;208;;Investimento di pedone;Rettilineo;Una carreggiata a doppio senso;Asciutto;Asfaltata;Verticale ed orizzontale;Sereno;Normale;Buona;Sufficiente;1;0;0;1;;;-1;;;;Pedone;F;Ricoverato;0;NON DECEDUTO;;
1684205;1;20/05/2006 21:20;Strada Urbana;VIA AURELIA;in prossimità;;del civico n. ;208;;Investimento di pedone;Rettilineo;Una carreggiata a doppio senso;Asciutto;Asfaltata;Verticale ed orizzontale;Sereno;Normale;Buona;Sufficiente;1;0;0;1;;;-1;1;Autovettura privata;In marcia / fermata / arresto;Conducente;F;Illeso;0;;Utilizzato;Inesploso
1684206;1;29/05/2006 07:00;Strada Urbana;PIAZZA DI PORTA CAPENA;all'intersezione semaforizzata con;VIALE DELLE TERME DI CARACALLA;VIALE DELLE TERME DI CARACALLA;;;Scontro laterale fra veicoli in marcia;Intersezione semaforizzata;Una carreggiata a doppio senso;Asciutto;Asfaltata;Verticale ed orizzontale;Sereno;Normale;Buona;Ore Diurne;0;0;0;2;;;-1;1;Autovettura privata;In marcia / fermata / arresto;Conducente;F;Illeso;0;;Non accertato;Inesistente
1684206;1;29/05/2006 07:00;Strada Urbana;PIAZZA DI PORTA CAPENA;all'intersezione semaforizzata con;VIALE DELLE TERME DI CARACALLA;VIALE DELLE TERME DI CARACALLA;;;Scontro laterale fra veicoli in marcia;Intersezione semaforizzata;Una carreggiata a doppio senso;Asciutto;Asfaltata;Verticale ed orizzontale;Sereno;Normale;Buona;Ore Diurne;0;0;0;2;;;-1;2;Autovettura privata;In marcia / fermata / arresto;Conducente;M;Illeso;0;;Non accertato;Inesistente
1684208;1;30/05/2006 19:30;Strada Urbana;VIA VITTORIO VENETO;in prossimità;;del civico n. ;80;;Infortunio per sola frenata improvvisa;Curva a visuale libera;Una carreggiata a doppio senso;Asciutto;Asfaltata;Verticale ed orizzontale;Sereno;Normale;Buona;Ore Diurne;1;0;0;1;;;-1;1;Motociclo a solo;In marcia / fermata / arresto;Conducente;M;Rimandato;0;NON DECEDUTO;Non accertato;Inesistente
1684208;1;30/05/2006 19:30;Strada Urbana;VIA VITTORIO VENETO;in prossimità;;del civico n. ;80;;Infortunio per sola frenata improvvisa;Curva a visuale libera;Una carreggiata a doppio senso;Asciutto;Asfaltata;Verticale ed orizzontale;Sereno;Normale;Buona;Ore Diurne;1;0;0;1;;;-1;2;Autovettura privata;In marcia / fermata / arresto;Conducente;M;Illeso;0;;Non accertato;Inesistente
1684209;1;31/05/2006 13:50;Strada Urbana;VIALE MARCO POLO;all'intersezione con;VIA LUIGI ROBECCHI BRICHETTI;VIA LUIGI ROBECCHI BRICHETTI;;;Scontro frontale/laterale SX fra veicoli in marcia;Incrocio;Una carreggiata a doppio senso;Asciutto;Asfaltata;Verticale ed orizzontale;Sereno;Normale;Buona;Ore Diurne;0;0;0;2;;;-1;1;Autovettura privata;In marcia / fermata / arresto;Conducente;M;Illeso;0;;Non accertato;Inesistente
1684209;1;31/05/2006 13:50;Strada Urbana;VIALE MARCO POLO;all'intersezione con;VIA LUIGI ROBECCHI BRICHETTI;VIA LUIGI ROBECCHI BRICHETTI;;;Scontro frontale/laterale SX fra veicoli in marcia;Incrocio;Una carreggiata a doppio senso;Asciutto;Asfaltata;Verticale ed orizzontale;Sereno;Normale;Buona;Ore Diurne;0;0;0;2;;;-1;2;Autovettura privata;In marcia / fermata / arresto;Conducente;F;Illeso;0;;Non accertato;Inesistente
1684210;1;31/05/2006 18:40;Strada Urbana;VIA ANGELO POLIZIANO;all'intersezione con;VIA CARLO BOTTA;VIA CARLO BOTTA;;;Scontro frontale/laterale DX fra veicoli in marcia;Incrocio;Una carreggiata a senso unico di marcia;Asciutto;Acciotolata;Verticale ed orizzontale;Sereno;Scarso;Buona;Ore Diurne;0;0;0;4;;;-1;1;Autovettura pubblica;In marcia / fermata / arresto;Conducente;M;Illeso;0;;Non accertato;Inesistente
1684210;1;31/05/2006 18:40;Strada Urbana;VIA ANGELO POLIZIANO;all'intersezione con;VIA CARLO BOTTA;VIA CARLO BOTTA;;;Scontro frontale/laterale DX fra veicoli in marcia;Incrocio;Una carreggiata a senso unico di marcia;Asciutto;Acciotolata;Verticale ed orizzontale;Sereno;Scarso;Buona;Ore Diurne;0;0;0;4;;;-1;2;Autovettura privata;In marcia / fermata / arresto;Conducente;M;Illeso;0;;Non accertato;Inesistente
1684210;1;31/05/2006 18:40;Strada Urbana;VIA ANGELO POLIZIANO;all'intersezione con;VIA CARLO BOTTA;VIA CARLO BOTTA;;;Scontro frontale/laterale DX fra veicoli in marcia;Incrocio;Una carreggiata a senso unico di marcia;Asciutto;Acciotolata;Verticale ed orizzontale;Sereno;Scarso;Buona;Ore Diurne;0;0;0;4;;;-1;2;Autovettura privata;In marcia / fermata / arresto;Passeggero;M;Illeso;0;;Non accertato;Inesistente
1684210;1;31/05/2006 18:40;Strada Urbana;VIA ANGELO POLIZIANO;all'intersezione con;VIA CARLO BOTTA;VIA CARLO BOTTA;;;Scontro frontale/laterale DX fra veicoli in marcia;Incrocio;Una carreggiata a senso unico di marcia;Asciutto;Acciotolata;Verticale ed orizzontale;Sereno;Scarso;Buona;Ore Diurne;0;0;0;4;;;-1;3;Autovettura privata;In marcia / fermata / arresto;Conducente;M;Illeso;0;;Non accertato;Inesistente
1684292;16;27/05/2006 09:30;Strada Urbana;VIA AURELIA ANTICA;in prossimità;;del civico n. ;200;;Scontro laterale fra veicoli in marcia;Rettilineo;Una carreggiata a doppio senso;Asciutto;Asfaltata;Orizzontale;Sereno;Normale;Buona;Ore Diurne;1;0;0;1;;;-1;1;Motociclo con passeggero;In marcia / fermata / arresto;Conducente;M;Rimandato;0;NON DECEDUTO;Non accertato;Inesistente
1684292;16;27/05/2006 09:30;Strada Urbana;VIA AURELIA ANTICA;in prossimità;;del civico n. ;200;;Scontro laterale fra veicoli in marcia;Rettilineo;Una carreggiata a doppio senso;Asciutto;Asfaltata;Orizzontale;Sereno;Normale;Buona;Ore Diurne;1;0;0;1;;;-1;2;Autovettura privata;In marcia / fermata / arresto;Conducente;M;Illeso;0;;Non accertato;Inesistente
1684293;16;27/05/2006 11:30;Strada Urbana;VIA DI AFFOGALASINO;in prossimità;;del civico n. ;123;;Veicolo in marcia contro ostacolo accidentale;Rettilineo;Una carreggiata a doppio senso;Asciutto;Asfaltata;Assente;Sereno;Scarso;Buona;Ore Diurne;0;0;0;1;;;-1;1;Autovettura privata;In marcia / fermata / arresto;Conducente;M;Illeso;0;;Non accertato;Inesistente
1684294;16;27/05/2006 15:25;Strada Urbana;VIA DEL VASCELLO;all'intersezione con;LARGO GIUSEPPE COCCHI;LARGO GIUSEPPE COCCHI;;;Scontro frontale/laterale DX fra veicoli in marcia;Incrocio;Una carreggiata a doppio senso;Asciutto;Asfaltata;Verticale;Sereno;Scarso;Buona;Ore Diurne;2;0;0;2;;;-1;1;Autovettura privata;In marcia / fermata / arresto;Conducente;M;Illeso;0;;Non accertato;Inesistente
1684294;16;27/05/2006 15:25;Strada Urbana;VIA DEL VASCELLO;all'intersezione con;LARGO GIUSEPPE COCCHI;LARGO GIUSEPPE COCCHI;;;Scontro frontale/laterale DX fra veicoli in marcia;Incrocio;Una carreggiata a doppio senso;Asciutto;Asfaltata;Verticale;Sereno;Scarso;Buona;Ore Diurne;2;0;0;2;;;-1;1;Autovettura privata;In marcia / fermata / arresto;Passeggero;F;Rimandato;0;NON DECEDUTO;Non accertato;Inesistente
1684294;16;27/05/2006 15:25;Strada Urbana;VIA DEL VASCELLO;all'intersezione con;LARGO GIUSEPPE COCCHI;LARGO GIUSEPPE COCCHI;;;Scontro frontale/laterale DX fra veicoli in marcia;Incrocio;Una carreggiata a doppio senso;Asciutto;Asfaltata;Verticale;Sereno;Scarso;Buona;Ore Diurne;2;0;0;2;;;-1;2;Autovettura privata;In marcia / fermata / arresto;Conducente;F;Illeso;0;;Non accertato;Inesistente
1684294;16;27/05/2006 15:25;Strada Urbana;VIA DEL VASCELLO;all'intersezione con;LARGO GIUSEPPE COCCHI;LARGO GIUSEPPE COCCHI;;;Scontro frontale/laterale DX fra veicoli in marcia;Incrocio;Una carreggiata a doppio senso;Asciutto;Asfaltata;Verticale;Sereno;Scarso;Buona;Ore Diurne;2;0;0;2;;;-1;2;Autovettura privata;In marcia / fermata / arresto;Passeggero;M;Rimandato;0;NON DECEDUTO;Non accertato;Inesistente
1684296;16;27/05/2006 23:20;Strada Urbana;CIRCONVALLAZIONE GIANICOLENSE;in corrispondenza;;del civico n. ;384;;Veicolo in marcia contro veicoli fermi;Rettilineo;Più di due carreggiate;Asciutto;Asfaltata;Verticale ed orizzontale;Sereno;Intenso;Buona;Sufficiente;1;0;0;2;;;-1;1;Autovettura privata;In marcia / fermata / arresto;Conducente;M;Rimandato;0;NON DECEDUTO;Non accertato;Inesistente
1684296;16;27/05/2006 23:20;Strada Urbana;CIRCONVALLAZIONE GIANICOLENSE;in corrispondenza;;del civico n. ;384;;Veicolo in marcia contro veicoli fermi;Rettilineo;Più di due carreggiate;Asciutto;Asfaltata;Verticale ed orizzontale;Sereno;Intenso;Buona;Sufficiente;1;0;0;2;;;-1;2;Autovettura privata;In marcia / fermata / arresto;Conducente;F;Illeso;0;;Non accertato;Inesistente
1684296;16;27/05/2006 23:20;Strada Urbana;CIRCONVALLAZIONE GIANICOLENSE;in corrispondenza;;del civico n. ;384;;Veicolo in marcia contro veicoli fermi;Rettilineo;Più di due carreggiate;Asciutto;Asfaltata;Verticale ed orizzontale;Sereno;Intenso;Buona;Sufficiente;1;0;0;2;;;-1;5;Autocarro inferiore 35 q.;In marcia / fermata / arresto;Conducente;M;Illeso;0;;Non accertato;Inesistente
1684298;16;28/05/2006 21:45;Strada Urbana;VIA BERNARDINO RAMAZZINI;all'intersezione semaforizzata con;CIRCONVALLAZIONE GIANICOLENSE;CIRCONVALLAZIONE GIANICOLENSE;;;Veicolo in marcia contro veicolo fermo;Intersezione semaforizzata;Più di due carreggiate;Asciutto;Asfaltata;Verticale ed orizzontale;Sereno;Normale;Sufficiente;Sufficiente;0;0;0;3;;;-1;1;Autovettura privata;In marcia / fermata / arresto;Conducente;F;Illeso;0;;Non accertato;Inesistente
1684298;16;28/05/2006 21:45;Strada Urbana;VIA BERNARDINO RAMAZZINI;all'intersezione semaforizzata con;CIRCONVALLAZIONE GIANICOLENSE;CIRCONVALLAZIONE GIANICOLENSE;;;Veicolo in marcia contro veicolo fermo;Intersezione semaforizzata;Più di due carreggiate;Asciutto;Asfaltata;Verticale ed orizzontale;Sereno;Normale;Sufficiente;Sufficiente;0;0;0;3;;;-1;1;Autovettura privata;In marcia / fermata / arresto;Passeggero;F;Illeso;0;;Non accertato;Inesistente
1684298;16;28/05/2006 21:45;Strada Urbana;VIA BERNARDINO RAMAZZINI;all'intersezione semaforizzata con;CIRCONVALLAZIONE GIANICOLENSE;CIRCONVALLAZIONE GIANICOLENSE;;;Veicolo in marcia contro veicolo fermo;Intersezione semaforizzata;Più di due carreggiate;Asciutto;Asfaltata;Verticale ed orizzontale;Sereno;Normale;Sufficiente;Sufficiente;0;0;0;3;;;-1;2;Autovettura privata;In marcia / fermata / arresto;Conducente;M;Illeso;0;;Non accertato;Inesistente
1684299;16;29/05/2006 07:25;Strada Urbana;VIA DI BRAVETTA;in prossimità;;del civico n. ;700;;Scontro laterale fra veicoli in marcia;Rettilineo;Una carreggiata a doppio senso;Asciutto;Asfaltata;Verticale ed orizzontale;Sereno;Normale;Buona;Ore Diurne;0;0;0;2;;;-1;1;Autocarro inferiore 35 q.;In marcia / fermata / arresto;Conducente;M;Illeso;0;;Non accertato;Inesistente
1684299;16;29/05/2006 07:25;Strada Urbana;VIA DI BRAVETTA;in prossimità;;del civico n. ;700;;Scontro laterale fra veicoli in marcia;Rettilineo;Una carreggiata a doppio senso;Asciutto;Asfaltata;Verticale ed orizzontale;Sereno;Normale;Buona;Ore Diurne;0;0;0;2;;;-1;2;Autovettura privata;In marcia / fermata / arresto;Conducente;F;Illeso;0;;Non accertato;Inesistente
1684300;16;29/05/2006 09:15;Strada Urbana;VIA VITELLIA;in corrispondenza;;del civico n. ;85/c;;Veicolo in marcia contro ostacolo fisso;Rettilineo;Una carreggiata a senso unico di marcia;Asciutto;Asfaltata;Assente;Sereno;Scarso;Buona;Ore Diurne;0;0;0;2;;;-1;1;Autovettura privata;In marcia / fermata / arresto;Conducente;M;Illeso;0;;Non accertato;Inesistente
1684300;16;29/05/2006 09:15;Strada Urbana;VIA VITELLIA;in corrispondenza;;del civico n. ;85/c;;Veicolo in marcia contro ostacolo fisso;Rettilineo;Una carreggiata a senso unico di marcia;Asciutto;Asfaltata;Assente;Sereno;Scarso;Buona;Ore Diurne;0;0;0;2;;;-1;1;Autovettura privata;In marcia / fermata / arresto;Passeggero;F;Illeso;0;;Non accertato;Inesistente
1684301;16;29/05/2006 11:00;Strada Urbana;VIA VITELLIA;in corrispondenza;;del civico n. ;17/d;;Veicolo in marcia contro ostacolo fisso;Rettilineo;Una carreggiata a doppio senso;Asciutto;Asfaltata;Orizzontale;Sereno;Scarso;Buona;Ore Diurne;0;0;0;2;;;-1;1;Autocarro inferiore 35 q.;In marcia / fermata / arresto;Conducente;M;Illeso;0;;Non accertato;Inesistente
1684301;16;29/05/2006 11:00;Strada Urbana;VIA VITELLIA;in corrispondenza;;del civico n. ;17/d;;Veicolo in marcia contro ostacolo fisso;Rettilineo;Una carreggiata a doppio senso;Asciutto;Asfaltata;Orizzontale;Sereno;Scarso;Buona;Ore Diurne;0;0;0;2;;;-1;1;Autocarro inferiore 35 q.;In marcia / fermata / arresto;Passeggero;F;Illeso;0;;Non accertato;Inesistente
1684302;16;29/05/2006 12:50;Strada Urbana;VIA AURELIA ANTICA;in prossimità;;del civico n. ;415;;Scontro frontale/laterale DX fra veicoli in marcia;Rettilineo;Una carreggiata a doppio senso;Asciutto;Asfaltata;Orizzontale;Sereno;Normale;Buona;Ore Diurne;1;0;0;1;;;-1;1;Autovettura pubblica;In marcia / fermata / arresto;Conducente;M;Illeso;0;;Non accertato;Inesistente
1684302;16;29/05/2006 12:50;Strada Urbana;VIA AURELIA ANTICA;in prossimità;;del civico n. ;415;;Scontro frontale/laterale DX fra veicoli in marcia;Rettilineo;Una carreggiata a doppio senso;Asciutto;Asfaltata;Orizzontale;Sereno;Normale;Buona;Ore Diurne;1;0;0;1;;;-1;2;Motociclo a solo;In marcia / fermata / arresto;Conducente;M;Ricoverato;0;NON DECEDUTO;Non accertato;Inesistente
1684303;16;29/05/2006 16:30;Strada Urbana;PIAZZA CARLO FORLANINI;in prossimità;;del civico n. ;fronte 1;;Scontro laterale fra veicoli in marcia;Rettilineo;Due carreggiate;Asciutto;Asfaltata;Assente;Sereno;Normale;Buona;Ore Diurne;0;0;0;2;;;-1;1;Motociclo con passeggero;In marcia / fermata / arresto;Conducente;M;Illeso;0;;Non accertato;Inesistente
1684303;16;29/05/2006 16:30;Strada Urbana;PIAZZA CARLO FORLANINI;in prossimità;;del civico n. ;fronte 1;;Scontro laterale fra veicoli in marcia;Rettilineo;Due carreggiate;Asciutto;Asfaltata;Assente;Sereno;Normale;Buona;Ore Diurne;0;0;0;2;;;-1;2;Autovettura privata;In marcia / fermata / arresto;Conducente;F;Illeso;0;;Non accertato;Inesistente
1684304;16;30/05/2006 13:40;Strada Urbana;CIRCONVALLAZIONE GIANICOLENSE;in corrispondenza;;del civico n. ;101;;Investimento di pedone;Pendenza;Due carreggiate;Asciutto;Asfaltata;Verticale ed orizzontale;Sereno;Normale;Sufficiente;Ore Diurne;1;0;0;2;;;-1;;;;Pedone;M;Rimandato;0;NON DECEDUTO;;
1684304;16;30/05/2006 13:40;Strada Urbana;CIRCONVALLAZIONE GIANICOLENSE;in corrispondenza;;del civico n. ;101;;Investimento di pedone;Pendenza;Due carreggiate;Asciutto;Asfaltata;Verticale ed orizzontale;Sereno;Normale;Sufficiente;Ore Diurne;1;0;0;2;;;-1;1;Autovettura privata;In marcia / fermata / arresto;Conducente;F;Illeso;0;;Non accertato;Inesistente
1684304;16;30/05/2006 13:40;Strada Urbana;CIRCONVALLAZIONE GIANICOLENSE;in corrispondenza;;del civico n. ;101;;Investimento di pedone;Pendenza;Due carreggiate;Asciutto;Asfaltata;Verticale ed orizzontale;Sereno;Normale;Sufficiente;Ore Diurne;1;0;0;2;;;-1;2;Autovettura privata;In marcia / fermata / arresto;Conducente;M;Illeso;0;;Non accertato;Inesistente
1684316;18;09/05/2006 08:25;Strada Urbana;PIAZZA PIO XI;all'intersezione semaforizzata con;VIA GREGORIO VII;VIA GREGORIO VII;;;Scontro frontale/laterale DX fra veicoli in marcia;Intersezione semaforizzata;Più di due carreggiate;Bagnato (pioggia);Asfaltata;Verticale ed orizzontale;Pioggia in atto;Normale;Buona;Ore Diurne;1;0;0;2;;;-1;1;Autovettura privata;In marcia / fermata / arresto;Conducente;M;Illeso;0;;Non accertato;Inesistente
1684316;18;09/05/2006 08:25;Strada Urbana;PIAZZA PIO XI;all'intersezione semaforizzata con;VIA GREGORIO VII;VIA GREGORIO VII;;;Scontro frontale/laterale DX fra veicoli in marcia;Intersezione semaforizzata;Più di due carreggiate;Bagnato (pioggia);Asfaltata;Verticale ed orizzontale;Pioggia in atto;Normale;Buona;Ore Diurne;1;0;0;2;;;-1;1;Autovettura privata;In marcia / fermata / arresto;Passeggero;F;Illeso;0;;Non accertato;Inesistente
1684316;18;09/05/2006 08:25;Strada Urbana;PIAZZA PIO XI;all'intersezione semaforizzata con;VIA GREGORIO VII;VIA GREGORIO VII;;;Scontro frontale/laterale DX fra veicoli in marcia;Intersezione semaforizzata;Più di due carreggiate;Bagnato (pioggia);Asfaltata;Verticale ed orizzontale;Pioggia in atto;Normale;Buona;Ore Diurne;1;0;0;2;;;-1;2;Motociclo a solo;In marcia / fermata / arresto;Conducente;M;Rimandato;0;NON DECEDUTO;Non accertato;Inesistente
1684407;12;21/05/2006 02:45;Strada Urbana;VIALE DELL'ARTE;all'intersezione con;VIALE AFRICA;VIALE AFRICA;;;Scontro frontale/laterale DX fra veicoli in marcia;Intersezione semaforizzata;Una carreggiata a doppio senso;Asciutto;Asfaltata;Verticale ed orizzontale;Sereno;Scarso;Buona;Sufficiente;1;0;0;3;;;-1;1;Autovettura privata;In marcia / fermata / arresto;Conducente;M;Illeso;0;;Utilizzato;Inesploso
1684407;12;21/05/2006 02:45;Strada Urbana;VIALE DELL'ARTE;all'intersezione con;VIALE AFRICA;VIALE AFRICA;;;Scontro frontale/laterale DX fra veicoli in marcia;Intersezione semaforizzata;Una carreggiata a doppio senso;Asciutto;Asfaltata;Verticale ed orizzontale;Sereno;Scarso;Buona;Sufficiente;1;0;0;3;;;-1;2;Autovettura privata;In marcia / fermata / arresto;Conducente;M;Rimandato;0;NON DECEDUTO;Utilizzato;Inesploso
1684407;12;21/05/2006 02:45;Strada Urbana;VIALE DELL'ARTE;all'intersezione con;VIALE AFRICA;VIALE AFRICA;;;Scontro frontale/laterale DX fra veicoli in marcia;Intersezione semaforizzata;Una carreggiata a doppio senso;Asciutto;Asfaltata;Verticale ed orizzontale;Sereno;Scarso;Buona;Sufficiente;1;0;0;3;;;-1;2;Autovettura privata;In marcia / fermata / arresto;Passeggero;M;Illeso;0;;Utilizzato;Inesistente
1684407;12;21/05/2006 02:45;Strada Urbana;VIALE DELL'ARTE;all'intersezione con;VIALE AFRICA;VIALE AFRICA;;;Scontro frontale/laterale DX fra veicoli in marcia;Intersezione semaforizzata;Una carreggiata a doppio senso;Asciutto;Asfaltata;Verticale ed orizzontale;Sereno;Scarso;Buona;Sufficiente;1;0;0;3;;;-1;2;Autovettura privata;In marcia / fermata / arresto;Passeggero;F;Illeso;0;;Utilizzato;Inesistente
1684408;12;21/05/2006 04:40;Strada Urbana;VIA DELLA CECCHIGNOLA;da specificare;;;;dir. Tor Pagnotta dopo ponte G.R.A.;Fuoriuscita dalla sede stradale;Curva senza visuale libera;Una carreggiata a doppio senso;Asciutto;Asfaltata;Orizzontale;Sereno;Scarso;Sufficiente;Inesistente;0;1;0;0;;;-1;1;Autovettura privata;In marcia / fermata / arresto;Conducente;M;Prognosi riservata;0;NON DECEDUTO;Utilizzato;Inesistente
1684409;12;21/05/2006 08:45;Strada Urbana;VIA LAURENTINA;in prossimità;;del civico n. ;607;;Infortunio per caduta del veicolo;Rettilineo;Una carreggiata a senso unico di marcia;Viscido da liquidi oleosi;Asfaltata;Verticale ed orizzontale;Sereno;Normale;Buona;Ore Diurne;1;0;0;0;;;-1;1;Motociclo a solo;In marcia / fermata / arresto;Conducente;M;Rimandato;0;NON DECEDUTO;Utilizzato;Inesistente
1684410;12;21/05/2006 09:55;Strada Urbana;VIALE DELL'UMANESIMO;in prossimità;;del civico n. ;309;;Scontro frontale/laterale SX fra veicoli in marcia;Curva senza visuale libera;Una carreggiata a doppio senso;Asciutto;Asfaltata;Verticale ed orizzontale;Sereno;Normale;Sufficiente;Ore Diurne;1;0;0;1;;;-1;1;Autovettura privata;In marcia / fermata / arresto;Conducente;M;Illeso;0;;Utilizzato;Inesistente
1684410;12;21/05/2006 09:55;Strada Urbana;VIALE DELL'UMANESIMO;in prossimità;;del civico n. ;309;;Scontro frontale/laterale SX fra veicoli in marcia;Curva senza visuale libera;Una carreggiata a doppio senso;Asciutto;Asfaltata;Verticale ed orizzontale;Sereno;Normale;Sufficiente;Ore Diurne;1;0;0;1;;;-1;2;Motociclo a solo;In marcia / fermata / arresto;Conducente;M;Rimandato;0;NON DECEDUTO;Utilizzato;Inesistente
1684411;12;21/05/2006 10:45;;VIA CARLO AVOLIO;all'intersezione con;VIA NICOLA STAME;VIA NICOLA STAME;;;Scontro laterale fra veicoli in marcia;;;;;;;;;;0;0;0;2;;;0;1;Autovettura privata;In marcia / fermata / arresto;Conducente;F;Illeso;0;;Utilizzato;Inesistente
1684411;12;21/05/2006 10:45;;VIA CARLO AVOLIO;all'intersezione con;VIA NICOLA STAME;VIA NICOLA STAME;;;Scontro laterale fra veicoli in marcia;;;;;;;;;;0;0;0;2;;;0;2;Autovettura privata;In marcia / fermata / arresto;Conducente;M;Illeso;0;;Utilizzato;Inesistente
1684412;12;21/05/2006 12:00;;VIALE UMBERTO TUPINI;all'intersezione con;VIALE EUROPA;VIALE EUROPA;;;Tamponamento;;;;;;;;;;0;0;0;2;;;0;1;Autovettura privata;In marcia / fermata / arresto;Conducente;M;Illeso;0;;Utilizzato;Inesistente
1684412;12;21/05/2006 12:00;;VIALE UMBERTO TUPINI;all'intersezione con;VIALE EUROPA;VIALE EUROPA;;;Tamponamento;;;;;;;;;;0;0;0;2;;;0;2;Autovettura privata;In marcia / fermata / arresto;Conducente;M;Illeso;0;;Utilizzato;Inesistente
1684413;12;21/05/2006 12:35;Strada Urbana;VIA DI TRIGORIA;all'intersezione con;VIA GROTTE DI PENSERONI;VIA GROTTE DI PENSERONI;;;Scontro frontale/laterale SX fra veicoli in marcia;Incrocio;Una carreggiata a doppio senso;Asciutto;Asfaltata;Verticale ed orizzontale;Sereno;Normale;Sufficiente;Ore Diurne;0;0;0;5;;;-1;1;Autovettura privata;In marcia / fermata / arresto;Conducente;M;Illeso;0;;Utilizzato;Inesploso
1684413;12;21/05/2006 12:35;Strada Urbana;VIA DI TRIGORIA;all'intersezione con;VIA GROTTE DI PENSERONI;VIA GROTTE DI PENSERONI;;;Scontro frontale/laterale SX fra veicoli in marcia;Incrocio;Una carreggiata a doppio senso;Asciutto;Asfaltata;Verticale ed orizzontale;Sereno;Normale;Sufficiente;Ore Diurne;0;0;0;5;;;-1;1;Autovettura privata;In marcia / fermata / arresto;Passeggero;F;Illeso;0;;Utilizzato;Inesploso
1684413;12;21/05/2006 12:35;Strada Urbana;VIA DI TRIGORIA;all'intersezione con;VIA GROTTE DI PENSERONI;VIA GROTTE DI PENSERONI;;;Scontro frontale/laterale SX fra veicoli in marcia;Incrocio;Una carreggiata a doppio senso;Asciutto;Asfaltata;Verticale ed orizzontale;Sereno;Normale;Sufficiente;Ore Diurne;0;0;0;5;;;-1;2;Autovettura privata;In marcia / fermata / arresto;Conducente;M;Illeso;0;;Utilizzato;Inesistente