Protocollo;Gruppo;DataOraIncidente;Localizzazione1;STRADA1;Localizzazione2;STRADA2;Strada02;Chilometrica;DaSpecificare;NaturaIncidente;particolaritastrade;TipoStrada;FondoStradale;Pavimentazione;Segnaletica;CondizioneAtmosferica;Traffico;Visibilita;Illuminazione;NUM_FERITI;NUM_RISERVATA;NUM_MORTI;NUM_ILLESI;Longitudine;Latitudine;Confermato;Progressivo;TipoVeicolo;StatoVeicolo;TipoPersona;Sesso;Tipolesione;Deceduto;DecedutoDopo;CinturaCascoUtilizzato;Airbag
1684925;7;12/05/2006 10:25;Strada Urbana;VIA PRENESTINA;all'intersezione semaforizzata con;VIALE PALMIRO TOGLIATTI;VIALE PALMIRO TOGLIATTI;;;Scontro frontale/laterale DX fra veicoli in marcia;Incrocio;Due carreggiate;Asciutto;Asfaltata;Verticale ed orizzontale;Sereno;Intenso;Buona;Ore Diurne;1;0;0;1;;;-1;2;Autovettura privata;In marcia / fermata / arresto;Conducente;M;Illeso;0;;Utilizzato;Inesistente
1684926;7;12/05/2006 18:00;Strada Urbana;VIALE FILIPPO DE PISIS;all'intersezione con;VIA GIUSEPPE ROSATI;VIA GIUSEPPE ROSATI;;;Scontro frontale/laterale DX fra veicoli in marcia;Incrocio;Una carreggiata a senso unico di marcia;Asciutto;Asfaltata;Verticale ed orizzontale;Sereno;Scarso;Insufficiente;Ore Diurne;1;0;0;1;;;-1;1;Autovettura privata;In marcia / fermata / arresto;Conducente;M;Illeso;0;;Non accertato;Inesistente
1684926;7;12/05/2006 18:00;Strada Urbana;VIALE FILIPPO DE PISIS;all'intersezione con;VIA GIUSEPPE ROSATI;VIA GIUSEPPE ROSATI;;;Scontro frontale/laterale DX fra veicoli in marcia;Incrocio;Una carreggiata a senso unico di marcia;Asciutto;Asfaltata;Verticale ed orizzontale;Sereno;Scarso;Insufficiente;Ore Diurne;1;0;0;1;;;-1;2;Motociclo con passeggero;In marcia / fermata / arresto;Conducente;M;Rimandato;0;NON DECEDUTO;Utilizzato;Inesistente
1684927;7;13/05/2006 04:00;Strada Urbana;VIA PRENESTINA;all'intersezione con;VIA DI TOR TRE TESTE;VIA DI TOR TRE TESTE;;;Scontro frontale/laterale DX fra veicoli in marcia;Incrocio;Una carreggiata a doppio senso;Asciutto;Asfaltata;Verticale ed orizzontale;Sereno;Scarso;Buona;Sufficiente;2;0;0;0;;;-1;1;Autovettura privata;In marcia / fermata / arresto;Conducente;M;Ricoverato;0;NON DECEDUTO;Non accertato;Inesistente
1684927;7;13/05/2006 04:00;Strada Urbana;VIA PRENESTINA;all'intersezione con;VIA DI TOR TRE TESTE;VIA DI TOR TRE TESTE;;;Scontro frontale/laterale DX fra veicoli in marcia;Incrocio;Una carreggiata a doppio senso;Asciutto;Asfaltata;Verticale ed orizzontale;Sereno;Scarso;Buona;Sufficiente;2;0;0;0;;;-1;2;Autovettura privata;In marcia / fermata / arresto;Conducente;M;Rimandato;0;NON DECEDUTO;Esente;Inesistente
1684928;7;13/05/2006 09:15;Strada Urbana;VIA MOLFETTA;all'intersezione con;VIALE ALESSANDRINO;VIALE ALESSANDRINO;;;Scontro frontale/laterale DX fra veicoli in marcia;Incrocio;Una carreggiata a doppio senso;Asciutto;Asfaltata;Verticale ed orizzontale;Sereno;Normale;Buona;Ore Diurne;0;0;0;2;;;-1;1;Autovettura privata;In marcia / fermata / arresto;Conducente;M;Illeso;0;;Utilizzato;Inesistente
1684928;7;13/05/2006 09:15;Strada Urbana;VIA MOLFETTA;all'intersezione con;VIALE ALESSANDRINO;VIALE ALESSANDRINO;;;Scontro frontale/laterale DX fra veicoli in marcia;Incrocio;Una carreggiata a doppio senso;Asciutto;Asfaltata;Verticale ed orizzontale;Sereno;Normale;Buona;Ore Diurne;0;0;0;2;;;-1;2;Autovettura privata;In marcia / fermata / arresto;Conducente;F;Illeso;0;;Utilizzato;Inesistente
1684929;7;13/05/2006 13:00;Strada Urbana;VIA DEI CASTANI;in corrispondenza;;del civico n. ;59/a;;Scontro frontale/laterale DX fra veicoli in marcia;Rettilineo;Una carreggiata a doppio senso;Asciutto;Asfaltata;Verticale ed orizzontale;Sereno;Scarso;Buona;Ore Diurne;1;0;0;2;;;-1;1;Motociclo con passeggero;In marcia / fermata / arresto;Passeggero;M;Illeso;0;;Utilizzato;Inesistente
1684929;7;13/05/2006 13:00;Strada Urbana;VIA DEI CASTANI;in corrispondenza;;del civico n. ;59/a;;Scontro frontale/laterale DX fra veicoli in marcia;Rettilineo;Una carreggiata a doppio senso;Asciutto;Asfaltata;Verticale ed orizzontale;Sereno;Scarso;Buona;Ore Diurne;1;0;0;2;;;-1;1;Motociclo con passeggero;In marcia / fermata / arresto;Conducente;M;Rimandato;0;NON DECEDUTO;Utilizzato;Inesistente
1684929;7;13/05/2006 13:00;Strada Urbana;VIA DEI CASTANI;in corrispondenza;;del civico n. ;59/a;;Scontro frontale/laterale DX fra veicoli in marcia;Rettilineo;Una carreggiata a doppio senso;Asciutto;Asfaltata;Verticale ed orizzontale;Sereno;Scarso;Buona;Ore Diurne;1;0;0;2;;;-1;2;Autovettura privata;In marcia / fermata / arresto;Conducente;F;Illeso;0;;Non accertato;Inesistente
1684930;7;13/05/2006 13:40;Strada Urbana;VIA CASILINA;all'intersezione con;VIA GIORGIO BONELLI;VIA GIORGIO BONELLI;;;Scontro frontale/laterale SX fra veicoli in marcia;Incrocio;Una carreggiata a doppio senso;Asciutto;Asfaltata;Verticale;Sereno;Scarso;Buona;Ore Diurne;0;0;0;3;;;-1;1;Autovettura privata;In marcia / fermata / arresto;Conducente;M;Illeso;0;;Utilizzato;Inesistente
1684930;7;13/05/2006 13:40;Strada Urbana;VIA CASILINA;all'intersezione con;VIA GIORGIO BONELLI;VIA GIORGIO BONELLI;;;Scontro frontale/laterale SX fra veicoli in marcia;Incrocio;Una carreggiata a doppio senso;Asciutto;Asfaltata;Verticale;Sereno;Scarso;Buona;Ore Diurne;0;0;0;3;;;-1;2;Autovettura privata;In marcia / fermata / arresto;Conducente;M;Illeso;0;;Non accertato;Inesistente
1684930;7;13/05/2006 13:40;Strada Urbana;VIA CASILINA;all'intersezione con;VIA GIORGIO BONELLI;VIA GIORGIO BONELLI;;;Scontro frontale/laterale SX fra veicoli in marcia;Incrocio;Una carreggiata a doppio senso;Asciutto;Asfaltata;Verticale;Sereno;Scarso;Buona;Ore Diurne;0;0;0;3;;;-1;2;Autovettura privata;In marcia / fermata / arresto;Passeggero;F;Illeso;0;;Non accertato;Inesistente
1684931;7;13/05/2006 19:00;Strada Urbana;VIALE PALMIRO TOGLIATTI;all'intersezione con;VIA ANTONIO SEBASTIANI;VIA ANTONIO SEBASTIANI;;;Scontro laterale fra veicoli in marcia;Incrocio;Due carreggiate;Asciutto;Asfaltata;Verticale ed orizzontale;Sereno;Intenso;Buona;Ore Diurne;1;0;0;4;;;-1;1;Autovettura privata;In marcia / fermata / arresto;Conducente;M;Illeso;0;;Utilizzato;Inesistente
1684931;7;13/05/2006 19:00;Strada Urbana;VIALE PALMIRO TOGLIATTI;all'intersezione con;VIA ANTONIO SEBASTIANI;VIA ANTONIO SEBASTIANI;;;Scontro laterale fra veicoli in marcia;Incrocio;Due carreggiate;Asciutto;Asfaltata;Verticale ed orizzontale;Sereno;Intenso;Buona;Ore Diurne;1;0;0;4;;;-1;1;Autovettura privata;In marcia / fermata / arresto;Passeggero;M;Illeso;0;;Non accertato;Inesistente
1684931;7;13/05/2006 19:00;Strada Urbana;VIALE PALMIRO TOGLIATTI;all'intersezione con;VIA ANTONIO SEBASTIANI;VIA ANTONIO SEBASTIANI;;;Scontro laterale fra veicoli in marcia;Incrocio;Due carreggiate;Asciutto;Asfaltata;Verticale ed orizzontale;Sereno;Intenso;Buona;Ore Diurne;1;0;0;4;;;-1;1;Autovettura privata;In marcia / fermata / arresto;Passeggero;M;Illeso;0;;Non accertato;Inesistente
1684931;7;13/05/2006 19:00;Strada Urbana;VIALE PALMIRO TOGLIATTI;all'intersezione con;VIA ANTONIO SEBASTIANI;VIA ANTONIO SEBASTIANI;;;Scontro laterale fra veicoli in marcia;Incrocio;Due carreggiate;Asciutto;Asfaltata;Verticale ed orizzontale;Sereno;Intenso;Buona;Ore Diurne;1;0;0;4;;;-1;2;Motociclo con passeggero;In marcia / fermata / arresto;Conducente;M;Rimandato;0;NON DECEDUTO;Utilizzato;Inesistente
1684931;7;13/05/2006 19:00;Strada Urbana;VIALE PALMIRO TOGLIATTI;all'intersezione con;VIA ANTONIO SEBASTIANI;VIA ANTONIO SEBASTIANI;;;Scontro laterale fra veicoli in marcia;Incrocio;Due carreggiate;Asciutto;Asfaltata;Verticale ed orizzontale;Sereno;Intenso;Buona;Ore Diurne;1;0;0;4;;;-1;2;Motociclo con passeggero;In marcia / fermata / arresto;Passeggero;M;Illeso;0;;Non accertato;Inesistente
1684932;7;13/05/2006 19:30;Strada Urbana;VIA DI TOR TRE TESTE;da specificare;;;;strda accesso coop;Scontro laterale fra veicoli in marcia;Rettilineo;Una carreggiata a doppio senso;Asciutto;Asfaltata;Verticale ed orizzontale;Sereno;Scarso;Insufficiente;Inesistente;0;0;0;4;;;-1;1;Autovettura privata;In marcia / fermata / arresto;Conducente;M;Illeso;0;;Non accertato;Inesploso
1684932;7;13/05/2006 19:30;Strada Urbana;VIA DI TOR TRE TESTE;da specificare;;;;strda accesso coop;Scontro laterale fra veicoli in marcia;Rettilineo;Una carreggiata a doppio senso;Asciutto;Asfaltata;Verticale ed orizzontale;Sereno;Scarso;Insufficiente;Inesistente;0;0;0;4;;;-1;1;Autovettura privata;In marcia / fermata / arresto;Passeggero;F;Illeso;0;;Non accertato;Inesistente
1684932;7;13/05/2006 19:30;Strada Urbana;VIA DI TOR TRE TESTE;da specificare;;;;strda accesso coop;Scontro laterale fra veicoli in marcia;Rettilineo;Una carreggiata a doppio senso;Asciutto;Asfaltata;Verticale ed orizzontale;Sereno;Scarso;Insufficiente;Inesistente;0;0;0;4;;;-1;1;Autovettura privata;In marcia / fermata / arresto;Passeggero;M;Illeso;0;;Non accertato;Inesistente
1684932;7;13/05/2006 19:30;Strada Urbana;VIA DI TOR TRE TESTE;da specificare;;;;strda accesso coop;Scontro laterale fra veicoli in marcia;Rettilineo;Una carreggiata a doppio senso;Asciutto;Asfaltata;Verticale ed orizzontale;Sereno;Scarso;Insufficiente;Inesistente;0;0;0;4;;;-1;2;Autovettura privata;In marcia / fermata / arresto;Conducente;M;Illeso;0;;Non accertato;Inesistente
1684933;7;13/05/2006 21:20;Strada Urbana;VIA DEI GELSI;all'intersezione con;VIALE DELLE ORCHIDEE;VIALE DELLE ORCHIDEE;;;Scontro frontale/laterale DX fra veicoli in marcia;Incrocio;Una carreggiata a senso unico di marcia;Asciutto;Asfaltata;Verticale ed orizzontale;Sereno;Scarso;Buona;Sufficiente;1;0;0;2;;;-1;1;Autovettura privata;In marcia / fermata / arresto;Conducente;M;Illeso;0;;Non accertato;Inesploso
1684933;7;13/05/2006 21:20;Strada Urbana;VIA DEI GELSI;all'intersezione con;VIALE DELLE ORCHIDEE;VIALE DELLE ORCHIDEE;;;Scontro frontale/laterale DX fra veicoli in marcia;Incrocio;Una carreggiata a senso unico di marcia;Asciutto;Asfaltata;Verticale ed orizzontale;Sereno;Scarso;Buona;Sufficiente;1;0;0;2;;;-1;1;Autovettura privata;In marcia / fermata / arresto;Passeggero;F;Illeso;0;;Non accertato;Inesistente
1684933;7;13/05/2006 21:20;Strada Urbana;VIA DEI GELSI;all'intersezione con;VIALE DELLE ORCHIDEE;VIALE DELLE ORCHIDEE;;;Scontro frontale/laterale DX fra veicoli in marcia;Incrocio;Una carreggiata a senso unico di marcia;Asciutto;Asfaltata;Verticale ed orizzontale;Sereno;Scarso;Buona;Sufficiente;1;0;0;2;;;-1;2;Motociclo con passeggero;In marcia / fermata / arresto;Conducente;M;Rimandato;0;NON DECEDUTO;Non accertato;Inesistente
1684934;7;13/05/2006 22:20;Strada Urbana;VIA DI TOR SAPIENZA;all'intersezione con;VIALE FILIPPO DE PISIS;VIALE FILIPPO DE PISIS;;;Scontro frontale/laterale DX fra veicoli in marcia;Incrocio;Una carreggiata a doppio senso;Asciutto;Asfaltata;Verticale ed orizzontale;Sereno;Scarso;Buona;Sufficiente;1;0;0;1;;;-1;1;Autovettura privata;In marcia / fermata / arresto;Conducente;M;Illeso;0;;Non accertato;Inesistente
1684934;7;13/05/2006 22:20;Strada Urbana;VIA DI TOR SAPIENZA;all'intersezione con;VIALE FILIPPO DE PISIS;VIALE FILIPPO DE PISIS;;;Scontro frontale/laterale DX fra veicoli in marcia;Incrocio;Una carreggiata a doppio senso;Asciutto;Asfaltata;Verticale ed orizzontale;Sereno;Scarso;Buona;Sufficiente;1;0;0;1;;;-1;2;Autovettura privata;In marcia / fermata / arresto;Conducente;M;Rimandato;0;NON DECEDUTO;Utilizzato;Inesistente
1684935;7;14/05/2006 17:00;Statale entro l'abitato;VIA PRENESTINA NUOVA;all'intersezione con;VIA MURACCIO DI RISCHIARO;VIA MURACCIO DI RISCHIARO;;;Veicolo in marcia contro ostacolo accidentale;Incrocio;Una carreggiata a doppio senso;Asciutto;Con buche;Verticale ed orizzontale;Sereno;Normale;Buona;Ore Diurne;0;0;0;2;;;-1;1;Autovettura privata;In marcia / fermata / arresto;Conducente;M;Illeso;0;;Utilizzato;Inesistente
1684935;7;14/05/2006 17:00;Statale entro l'abitato;VIA PRENESTINA NUOVA;all'intersezione con;VIA MURACCIO DI RISCHIARO;VIA MURACCIO DI RISCHIARO;;;Veicolo in marcia contro ostacolo accidentale;Incrocio;Una carreggiata a doppio senso;Asciutto;Con buche;Verticale ed orizzontale;Sereno;Normale;Buona;Ore Diurne;0;0;0;2;;;-1;1;Autovettura privata;In marcia / fermata / arresto;Passeggero;F;Illeso;0;;Utilizzato;Inesistente
1684936;7;15/05/2006 04:15;Statale entro l'abitato;VIA CASILINA;all'intersezione con;PIAZZA SOR CAPANNA;PIAZZA SOR CAPANNA;;;Veicolo in marcia contro ostacolo fisso;Incrocio;Due carreggiate;Asciutto;Asfaltata;Verticale ed orizzontale;Sereno;Scarso;Buona;Sufficiente;2;0;0;0;;;-1;1;Autovettura privata;In marcia / fermata / arresto;Passeggero;M;Rimandato;0;NON DECEDUTO;Non accertato;Inesistente
1684936;7;15/05/2006 04:15;Statale entro l'abitato;VIA CASILINA;all'intersezione con;PIAZZA SOR CAPANNA;PIAZZA SOR CAPANNA;;;Veicolo in marcia contro ostacolo fisso;Incrocio;Due carreggiate;Asciutto;Asfaltata;Verticale ed orizzontale;Sereno;Scarso;Buona;Sufficiente;2;0;0;0;;;-1;1;Autovettura privata;In marcia / fermata / arresto;Passeggero;M;Rimandato;0;NON DECEDUTO;Non accertato;Inesistente
1684937;7;15/05/2006 12:50;Strada Urbana;VIALE DELLE GARDENIE;in prossimità;;del civico n. ;138;;Scontro frontale fra veicoli in marcia;Rettilineo;Una carreggiata a senso unico di marcia;Asciutto;Asfaltata;Orizzontale;Sereno;Normale;Buona;Ore Diurne;0;0;0;2;;;-1;1;Autovettura privata;In marcia / fermata / arresto;Conducente;M;Illeso;0;;Non accertato;Inesploso
1684937;7;15/05/2006 12:50;Strada Urbana;VIALE DELLE GARDENIE;in prossimità;;del civico n. ;138;;Scontro frontale fra veicoli in marcia;Rettilineo;Una carreggiata a senso unico di marcia;Asciutto;Asfaltata;Orizzontale;Sereno;Normale;Buona;Ore Diurne;0;0;0;2;;;-1;2;Autocarro inferiore 35 q.;In marcia / fermata / arresto;Conducente;M;Illeso;0;;Non accertato;Inesploso
1684938;7;16/05/2006 03:40;Strada Urbana;VIALE PALMIRO TOGLIATTI;in corrispondenza;;del civico n. ;885;;Scontro laterale fra veicoli in marcia;Rettilineo;Due carreggiate;Asciutto;Asfaltata;Orizzontale;Sereno;Scarso;Buona;Sufficiente;4;0;0;1;;;-1;1;Autovettura privata;In marcia / fermata / arresto;Conducente;M;Rimandato;0;NON DECEDUTO;Non accertato;Inesploso
1684938;7;16/05/2006 03:40;Strada Urbana;VIALE PALMIRO TOGLIATTI;in corrispondenza;;del civico n. ;885;;Scontro laterale fra veicoli in marcia;Rettilineo;Due carreggiate;Asciutto;Asfaltata;Orizzontale;Sereno;Scarso;Buona;Sufficiente;4;0;0;1;;;-1;1;Autovettura privata;In marcia / fermata / arresto;Passeggero;M;Illeso;0;;Non accertato;Inesploso
1684938;7;16/05/2006 03:40;Strada Urbana;VIALE PALMIRO TOGLIATTI;in corrispondenza;;del civico n. ;885;;Scontro laterale fra veicoli in marcia;Rettilineo;Due carreggiate;Asciutto;Asfaltata;Orizzontale;Sereno;Scarso;Buona;Sufficiente;4;0;0;1;;;-1;1;Autovettura privata;In marcia / fermata / arresto;Passeggero;M;Rifiuta cure immediate;0;NON DECEDUTO;Non accertato;Inesploso
1684938;7;16/05/2006 03:40;Strada Urbana;VIALE PALMIRO TOGLIATTI;in corrispondenza;;del civico n. ;885;;Scontro laterale fra veicoli in marcia;Rettilineo;Due carreggiate;Asciutto;Asfaltata;Orizzontale;Sereno;Scarso;Buona;Sufficiente;4;0;0;1;;;-1;2;Autovettura privata;In marcia / fermata / arresto;Conducente;M;Rimandato;0;NON DECEDUTO;Non accertato;Esploso
1684938;7;16/05/2006 03:40;Strada Urbana;VIALE PALMIRO TOGLIATTI;in corrispondenza;;del civico n. ;885;;Scontro laterale fra veicoli in marcia;Rettilineo;Due carreggiate;Asciutto;Asfaltata;Orizzontale;Sereno;Scarso;Buona;Sufficiente;4;0;0;1;;;-1;2;Autovettura privata;In marcia / fermata / arresto;Passeggero;M;Ricoverato;0;NON DECEDUTO;Non accertato;Inesistente
1684939;7;16/05/2006 08:10;Strada Urbana;VIA CERIGNOLA;in prossimità;;del civico n. ;6;;Investimento di pedone;Rettilineo;Una carreggiata a senso unico di marcia;Asciutto;Lastricata;Assente;Sole radente;Scarso;Sufficiente;Ore Diurne;1;0;0;1;;;-1;;;;Pedone;F;Rimandato;0;NON DECEDUTO;;
1684939;7;16/05/2006 08:10;Strada Urbana;VIA CERIGNOLA;in prossimità;;del civico n. ;6;;Investimento di pedone;Rettilineo;Una carreggiata a senso unico di marcia;Asciutto;Lastricata;Assente;Sole radente;Scarso;Sufficiente;Ore Diurne;1;0;0;1;;;-1;1;Autovettura privata;In marcia / fermata / arresto;Conducente;M;Illeso;0;;Non accertato;Inesploso
1684940;7;16/05/2006 09:40;Strada Urbana;VIALE PALMIRO TOGLIATTI;in prossimità;;del civico n. ;497;;Scontro laterale fra veicoli in marcia;Pendenza;Due carreggiate;Asciutto;Asfaltata;Verticale ed orizzontale;Sereno;Normale;Buona;Ore Diurne;0;0;0;2;;;-1;1;Motociclo a solo;In marcia / fermata / arresto;Conducente;M;Illeso;0;;Utilizzato;Inesistente
1684940;7;16/05/2006 09:40;Strada Urbana;VIALE PALMIRO TOGLIATTI;in prossimità;;del civico n. ;497;;Scontro laterale fra veicoli in marcia;Pendenza;Due carreggiate;Asciutto;Asfaltata;Verticale ed orizzontale;Sereno;Normale;Buona;Ore Diurne;0;0;0;2;;;-1;2;Autocarro inferiore 35 q.;In marcia / fermata / arresto;Conducente;F;Illeso;0;;Non accertato;Inesploso
1684941;7;16/05/2006 16:30;Strada Urbana;VIA PRENESTINA;in corrispondenza;;del civico n. ;510;;Veicolo in marcia contro veicolo fermo;Rettilineo;Una carreggiata a doppio senso;Asciutto;Asfaltata;Assente;Sereno;Scarso;Buona;Ore Diurne;0;0;0;1;;;-1;2;Autovettura privata;In marcia / fermata / arresto;Conducente;F;Illeso;0;;Non accertato;Inesistente
1684942;7;01/05/2006 04:15;Strada Urbana;VIA PRENESTINA;da specificare;;;;All'intersezione con il Grande Raccordo Anulare.;Scontro frontale/laterale SX fra veicoli in marcia;Rettilineo;Una carreggiata a doppio senso;Asciutto;Asfaltata;Assente;Sereno;Scarso;Buona;Insufficiente;1;0;0;1;;;-1;1;Autovettura privata;In marcia / fermata / arresto;Conducente;M;Illeso;0;;Non accertato;Inesistente
1684942;7;01/05/2006 04:15;Strada Urbana;VIA PRENESTINA;da specificare;;;;All'intersezione con il Grande Raccordo Anulare.;Scontro frontale/laterale SX fra veicoli in marcia;Rettilineo;Una carreggiata a doppio senso;Asciutto;Asfaltata;Assente;Sereno;Scarso;Buona;Insufficiente;1;0;0;1;;;-1;2;Motociclo con passeggero;In marcia / fermata / arresto;Conducente;M;Rimandato;0;NON DECEDUTO;Non accertato;Inesistente
1684943;7;17/05/2006 09:20;Strada Urbana;VIALE PALMIRO TOGLIATTI;in corrispondenza;;del civico n. ;738;;Tamponamento;Rettilineo;Due carreggiate;Asciutto;Asfaltata;Orizzontale;Sereno;Normale;Buona;Ore Diurne;1;0;0;0;;;-1;1;Motociclo a solo;In marcia / fermata / arresto;Conducente;M;Rimandato;0;NON DECEDUTO;Utilizzato;Inesistente
1684944;7;17/05/2006 10:10;Strada Urbana;VIA PRENESTINA;da specificare;;;;altezza G.R.A. rampa in entrata;Scontro laterale fra veicoli in marcia;Rettilineo;Una carreggiata a doppio senso;Asciutto;Asfaltata;Verticale ed orizzontale;Sereno;Intenso;Buona;Ore Diurne;0;0;0;3;;;-1;1;Autovettura privata;In marcia / fermata / arresto;Passeggero;F;Illeso;0;;Non accertato;Inesistente
1684944;7;17/05/2006 10:10;Strada Urbana;VIA PRENESTINA;da specificare;;;;altezza G.R.A. rampa in entrata;Scontro laterale fra veicoli in marcia;Rettilineo;Una carreggiata a doppio senso;Asciutto;Asfaltata;Verticale ed orizzontale;Sereno;Intenso;Buona;Ore Diurne;0;0;0;3;;;-1;1;Autovettura privata;In marcia / fermata / arresto;Conducente;F;Illeso;0;;Esente;Inesistente
1684944;7;17/05/2006 10:10;Strada Urbana;VIA PRENESTINA;da specificare;;;;altezza G.R.A. rampa in entrata;Scontro laterale fra veicoli in marcia;Rettilineo;Una carreggiata a doppio senso;Asciutto;Asfaltata;Verticale ed orizzontale;Sereno;Intenso;Buona;Ore Diurne;0;0;0;3;;;-1;2;Autovettura privata;In marcia / fermata / arresto;Conducente;M;Illeso;0;;Non accertato;Inesistente
1684945;7;17/05/2006 10:20;Strada Urbana;VIALE PALMIRO TOGLIATTI;da specificare;;;;Sul piazzale antistante il civico 1284;Tamponamento;Rettilineo;Due carreggiate;Asciutto;Asfaltata;Verticale ed orizzontale;Sereno;Normale;Buona;Ore Diurne;0;0;0;2;;;-1;1;Autovettura privata;In marcia / fermata / arresto;Conducente;M;Illeso;0;;Non accertato;Inesistente
1684945;7;17/05/2006 10:20;Strada Urbana;VIALE PALMIRO TOGLIATTI;da specificare;;;;Sul piazzale antistante il civico 1284;Tamponamento;Rettilineo;Due carreggiate;Asciutto;Asfaltata;Verticale ed orizzontale;Sereno;Normale;Buona;Ore Diurne;0;0;0;2;;;-1;2;Autovettura privata;In marcia / fermata / arresto;Conducente;M;Illeso;0;;Non accertato;Inesistente
1684946;7;17/05/2006 15:00;Strada Urbana;VIA TOR DE' SCHIAVI;all'intersezione con;PIAZZA DELLE CAMELIE;PIAZZA DELLE CAMELIE;;;Scontro frontale/laterale SX fra veicoli in marcia;Incrocio;Una carreggiata a senso unico di marcia;Asciutto;Asfaltata;Verticale ed orizzontale;Sereno;Scarso;Buona;Ore Diurne;0;0;0;3;;;-1;1;Autovettura privata;In marcia / fermata / arresto;Conducente;M;Illeso;0;;Non accertato;Inesistente
1684946;7;17/05/2006 15:00;Strada Urbana;VIA TOR DE' SCHIAVI;all'intersezione con;PIAZZA DELLE CAMELIE;PIAZZA DELLE CAMELIE;;;Scontro frontale/laterale SX fra veicoli in marcia;Incrocio;Una carreggiata a senso unico di marcia;Asciutto;Asfaltata;Verticale ed orizzontale;Sereno;Scarso;Buona;Ore Diurne;0;0;0;3;;;-1;1;Autovettura privata;In marcia / fermata / arresto;Passeggero;F;Illeso;0;;Non accertato;Inesistente
1684946;7;17/05/2006 15:00;Strada Urbana;VIA TOR DE' SCHIAVI;all'intersezione con;PIAZZA DELLE CAMELIE;PIAZZA DELLE CAMELIE;;;Scontro frontale/laterale SX fra veicoli in marcia;Incrocio;Una carreggiata a senso unico di marcia;Asciutto;Asfaltata;Verticale ed orizzontale;Sereno;Scarso;Buona;Ore Diurne;0;0;0;3;;;-1;2;Autovettura privata;In marcia / fermata / arresto;Conducente;M;Illeso;0;;Non accertato;Inesistente
1684947;7;17/05/2006 16:10;Strada Urbana;VIA DI TOR SAPIENZA;all'intersezione con;VIA DEI BOCCAMAZZI;VIA DEI BOCCAMAZZI;;;Scontro frontale fra veicoli in marcia;Incrocio;Una carreggiata a doppio senso;Asciutto;Asfaltata;Assente;Sereno;Intenso;Buona;Ore Diurne;0;0;0;3;;;-1;1;Autovettura privata;In marcia / fermata / arresto;Conducente;F;Illeso;0;;Non accertato;Inesistente
1684947;7;17/05/2006 16:10;Strada Urbana;VIA DI TOR SAPIENZA;all'intersezione con;VIA DEI BOCCAMAZZI;VIA DEI BOCCAMAZZI;;;Scontro frontale fra veicoli in marcia;Incrocio;Una carreggiata a doppio senso;Asciutto;Asfaltata;Assente;Sereno;Intenso;Buona;Ore Diurne;0;0;0;3;;;-1;1;Autovettura privata;In marcia / fermata / arresto;Passeggero;F;Illeso;0;;Non accertato;Inesistente
1684947;7;17/05/2006 16:10;Strada Urbana;VIA DI TOR SAPIENZA;all'intersezione con;VIA DEI BOCCAMAZZI;VIA DEI BOCCAMAZZI;;;Scontro frontale fra veicoli in marcia;Incrocio;Una carreggiata a doppio senso;Asciutto;Asfaltata;Assente;Sereno;Intenso;Buona;Ore Diurne;0;0;0;3;;;-1;2;Autovettura privata;In marcia / fermata / arresto;Conducente;F;Illeso;0;;Non accertato;Inesistente
1684948;7;17/05/2006 20:00;Strada Urbana;VIA PRENESTINA;in prossimità;;del civico n. ;944;;Veicolo in marcia contro ostacolo accidentale;Rettilineo;Una carreggiata a doppio senso;Asciutto;Asfaltata;Orizzontale;Sereno;Normale;Sufficiente;Insufficiente;0;0;0;1;;;-1;1;Autovettura privata;In marcia / fermata / arresto;Conducente;F;Illeso;0;;Non accertato;Inesploso
1684949;7;18/05/2006 01:15;Strada Urbana;VIA CASILINA;all'intersezione con;VIALE PALMIRO TOGLIATTI;VIALE PALMIRO TOGLIATTI;;;Scontro frontale/laterale DX fra veicoli in marcia;Intersezione semaforizzata;Due carreggiate;Asciutto;Asfaltata;Verticale ed orizzontale;Sereno;Scarso;Buona;Sufficiente;2;0;0;0;;;-1;1;Autovettura privata;In marcia / fermata / arresto;Conducente;M;Rimandato;0;NON DECEDUTO;Utilizzato;Inesistente
1684949;7;18/05/2006 01:15;Strada Urbana;VIA CASILINA;all'intersezione con;VIALE PALMIRO TOGLIATTI;VIALE PALMIRO TOGLIATTI;;;Scontro frontale/laterale DX fra veicoli in marcia;Intersezione semaforizzata;Due carreggiate;Asciutto;Asfaltata;Verticale ed orizzontale;Sereno;Scarso;Buona;Sufficiente;2;0;0;0;;;-1;2;Autovettura privata;In marcia / fermata / arresto;Conducente;M;Rimandato;0;NON DECEDUTO;Non accertato;Inesistente
1684950;7;18/05/2006 06:20;Strada Urbana;VIALE DELLE GARDENIE;all'intersezione con;PIAZZA DEI GERANI;PIAZZA DEI GERANI;;;Scontro frontale/laterale SX fra veicoli in marcia;Incrocio;Una carreggiata a doppio senso;Asciutto;Asfaltata;Verticale ed orizzontale;Sereno;Scarso;Buona;Ore Diurne;0;0;0;3;;;-1;1;Autovettura privata;In marcia / fermata / arresto;Conducente;M;Illeso;0;;Non accertato;Inesistente
1684950;7;18/05/2006 06:20;Strada Urbana;VIALE DELLE GARDENIE;all'intersezione con;PIAZZA DEI GERANI;PIAZZA DEI GERANI;;;Scontro frontale/laterale SX fra veicoli in marcia;Incrocio;Una carreggiata a doppio senso;Asciutto;Asfaltata;Verticale ed orizzontale;Sereno;Scarso;Buona;Ore Diurne;0;0;0;3;;;-1;2;Autovettura privata;In marcia / fermata / arresto;Conducente;M;Illeso;0;;Non accertato;Inesistente